{
    "importFilesToOrigRelpaths": {
        "certora/specs/ERC20/erc20cvl.spec": "certora/specs/ERC20/erc20cvl.spec",
        "certora/specs/setup/Conversions.spec": "certora/specs/setup/Conversions.spec",
        "certora/specs/setup/Deltas.spec": "certora/specs/setup/Deltas.spec",
        "certora/specs/setup/PoolManager.spec": "certora/specs/setup/PoolManager.spec",
        "certora/specs/setup/PoolManagerBase.spec": "certora/specs/setup/PoolManagerBase.spec"
    },
    "primary_contract": "V4RouterHarness",
    "specfile": "certora/specs/V4Router.spec",
    "specfileOrigRelpath": "certora/specs/V4Router.spec",
    "specfilesToImportDecls": {
        "certora/specs/V4Router.spec": [
            "./setup/PoolManager.spec"
        ],
        "certora/specs/setup/Deltas.spec": [
            "Conversions.spec"
        ],
        "certora/specs/setup/PoolManager.spec": [
            "../ERC20/erc20cvl.spec",
            "./Deltas.spec",
            "./PoolManagerBase.spec"
        ]
    },
    "type": "spec"
}